{"epoch":99,"loss":0.05406298115849495,"weight":1.7864699363708496,"bias":1.0074230432510376,"_timestamp":1.7264962288633397e+09,"_wandb":{"runtime":2},"_runtime":1.8499526,"_step":99}